Year,Month Range,Month Pillar
1950,January 6 - February 3,Ding Chou
1950,February 4 - March 5,Wu Yin
1950,March 6 - April 4,Ji Mao
1950,April 5 - May 5,Geng Chen
1950,May 6 - June 5,Xin Si
1950,June 6 - July 7,Ren Wu
1950,July 8 - August 7,Gui Wei
1950,August 8 - September 7,Jia Shen
1950,September 8 - October 8,Yi You
1950,October 9 - November 7,Bing Xu
1950,November 8 - December 7,Ding Hai
1950,December 8 - January 5,Wu Zi
1951,January 6 - February 3,Ji Chou
1951,February 4 - March 5,Geng Yin
1951,March 6 - April 4,Xin Mao
1951,April 5 - May 5,Ren Chen
1951,May 6 - June 5,Gui Si
1951,June 6 - July 7,Jia Wu
1951,July 8 - August 7,Yi Wei
1951,August 8 - September 7,Bing Shen
1951,September 8 - October 8,Ding You
1951,October 9 - November 7,Wu Xu
1951,November 8 - December 7,Ji Hai
1951,December 8 - January 5,Geng Zi
1952,January 6 - February 4,Xin Chou
1952,February 5 - March 4,Ren Yin
1952,March 5 - April 4,Gui Mao
1952,April 5 - May 4,Jia Chen
1952,May 5 - June 5,Yi Si
1952,June 6 - July 6,Bing Wu
1952,July 7 - August 6,Ding Wei
1952,August 7 - September 7,Wu Shen
1952,September 8 - October 7,Ji You
1952,October 8 - November 6,Geng Xu
1952,November 7 - December 6,Xin Hai
1952,December 7 - January 4,Ren Zi
1953,January 5 - February 3,Gui Chou
1953,February 4 - March 5,Jia Yin
1953,March 6 - April 4,Yi Mao
1953,April 5 - May 5,Bing Chen
1953,May 6 - June 5,Ding Si
1953,June 6 - July 6,Wu Wu
1953,July 7 - August 7,Ji Wei
1953,August 8 - September 7,Geng Shen
1953,September 8 - October 8,Xin You
1953,October 8 - November 7,Ren Xu
1953,November 8 - December 6,Gui Hai
1953,December 7 - January 5,Jia Zi
1954,January 6 - February 3,Yi Chou
1954,February 4 - March 5,Bing Yin
1954,March 6 - April 4,Ding Mao
1954,April 5 - May 5,Wu Chen
1954,May 6 - June 5,Ji Si
1954,June 6 - July 7,Geng Wu
1954,July 8 - August 7,Xin Wei
1954,August 8 - September 7,Ren Shen
1954,September 8 - October 8,Gui You
1954,October 9 - November 7,Jia Xu
1954,November 8 - December 6,Yi Hai
1954,December 7 - January 5,Bing Zi
1955,January 6 - February 3,Ding Chou
1955,February 4 - March 5,Wu Yin
1955,March 6 - April 4,Ji Mao
1955,April 5 - May 5,Geng Chen
1955,May 6 - June 5,Xin Si
1955,June 6 - July 7,Ren Wu
1955,July 8 - August 7,Gui Wei
1955,August 8 - September 7,Jia Shen
1955,September 8 - October 8,Yi You
1955,October 9 - November 7,Bing Xu
1955,November 8 - December 7,Ding Hai
1955,December 8 - January 5,Wu Zi
1956,January 6 - February 4,Ji Chou
1956,February 5 - March 4,Geng Yin
1956,March 5 - April 4,Xin Mao
1956,April 5 - May 5,Ren Chen
1956,May 5 - June 5,Gui Si
1956,June 6 - July 6,Jia Wu
1956,July 7 - August 6,Yi Wei
1956,August 7 - September 7,Bing Shen
1956,September 8 - October 7,Ding You
1956,October 8 - November 6,Wu Xu
1956,November 7 - December 6,Ji Hai
1956,December 7 - January 4,Geng Zi
1957,January 5 - February 3,Xin Chou
1957,February 4 - March 5,Ren Yin
1957,March 6 - April 4,Gui Mao
1957,April 5 - May 5,Jia Chen
1957,May 6 - June 5,Yi Si
1957,June 6 - July 6,Bing Wu
1957,July 7 - August 7,Ding Wei
1957,August 8 - September 7,Wu Shen
1957,September 8 - October 7,Ji You
1957,October 8 - November 7,Geng Xu
1957,November 8 - December 6,Xin Hai
1957,December 7 - January 5,Ren Zi
1958,January 6 - February 3,Gui Chou
1958,February 4 - March 5,Jia Yin
1958,March 6 - April 4,Yi Mao
1958,April 5 - May 5,Bing Chen
1958,May 6 - June 5,Ding Si
1958,June 6 - July 6,Wu Wu
1958,July 7 - August 7,Ji Wei
1958,August 8 - September 7,Geng Shen
1958,September 8 - October 8,Xin You
1958,October 9 - November 7,Ren Xu
1958,November 8 - December 6,Gui Hai
1958,December 7 - January 5,Jia Zi
1959,January 6 - February 3,Yi Chou
1959,February 4 - March 5,Bing Yin
1959,March 6 - April 4,Ding Mao
1959,April 5 - May 5,Wu Chen
1959,May 6 - June 5,Ji Si
1959,June 6 - July 7,Geng Wu
1959,July 8 - August 7,Xin Wei
1959,August 8 - September 7,Ren Shen
1959,September 8 - October 8,Gui You
1959,October 9 - November 7,Jia Xu
1959,November 8 - December 7,Yi Hai
1959,December 8 - January 5,Bing Zi
1960,January 6 - February 4,Ding Chou
1960,February 5 - March 4,Wu Yin
1960,March 5 - April 4,Ji Mao
1960,April 5 - May 4,Geng Chen
1960,May 5 - June 5,Xin Si
1960,June 6 - July 6,Ren Wu
1960,July 7 - August 6,Gui Wei
1960,August 7 - September 6,Jia Shen
1960,September 7 - October 7,Yi You
1960,October 8 - November 6,Bing Xu
1960,November 7 - December 6,Ding Hai
1960,December 7 - January 4,Wu Zi
1961,January 5 - February 3,Ji Chou
1961,February 4 - March 5,Geng Yin
1961,March 6 - April 4,Xin Mao
1961,April 5 - May 5,Ren Chen
1961,May 6 - June 5,Gui Si
1961,June 6 - July 6,Jia Wu
1961,July 7 - August 7,Yi Wei
1961,August 8 - September 7,Bing Shen
1961,September 8 - October 7,Ding You
1961,October 8 - November 6,Wu Xu
1961,November 7 - December 6,Ji Hai
1961,December 7 - January 5,Geng Zi
1962,January 6 - February 3,Xin Chou
1962,February 4 - March 5,Ren Yin
1962,March 6 - April 4,Gui Mao
1962,April 5 - May 5,Jia Chen
1962,May 6 - June 5,Yi Si
1962,June 6 - July 5,Bing Wu
1962,July 7 - August 7,Ding Wei
1962,August 8 - September 7,Wu Shen
1962,September 8 - October 8,Ji You
1962,October 9 - November 7,Geng Xu
1962,November 8 - December 6,Xin Hai
1962,December 7 - January 5,Ren Zi
1963,January 6 - February 3,Gui Chou
1963,February 4 - March 5,Jia Yin
1963,March 6 - April 4,Yi Mao
1963,April 5 - May 5,Bing Chen
1963,May 6 - June 5,Ding Si
1963,June 6 - July 7,Wu Wu
1963,July 8 - August 7,Ji Wei
1963,August 8 - September 7,Geng Shen
1963,September 8 - October 8,Xin You
1963,October 9 - November 7,Ren Xu
1963,November 8 - December 7,Gui Hai
1963,December 8 - January 5,Jia Zi
1964,January 6 - February 4,Yi Chou
1964,February 5 - March 4,Bing Yin
1964,March 5 - April 4,Ding Mao
1964,April 5 - May 4,Wu Chen
1964,May 5 - June 5,Ji Si
1964,June 6 - July 6,Geng Wu
1964,July 7 - August 6,Xin Wei
1964,August 7 - September 6,Ren Shen
1964,September 7 - October 7,Gui You
1964,October 8 - November 6,Jia Xu
1964,November 7 - December 6,Yi Hai
1964,December 7 - January 4,Bing Zi
1965,January 6 - February 3,Ding Chou
1965,February 4 - March 5,Wu Yin
1965,March 6 - April 4,Ji Mao
1965,April 5 - May 5,Geng Chen
1965,May 6 - June 5,Xin Si
1965,June 6 - July 7,Ren Wu
1965,July 8 - August 7,Gui Wei
1965,August 8 - September 7,Jia Shen
1965,September 8 - October 8,Yi You
1965,October 9 - November 7,Bing Xu
1965,November 8 - December 7,Ding Hai
1965,December 8 - January 5,Wu Zi
1966,January 5 - February 3,Ji Chou
1966,February 4 - March 5,Geng Yin
1966,March 6 - April 4,Xin Mao
1966,April 5 - May 5,Ren Chen
1966,May 6 - June 5,Gui Si
1966,June 6 - July 6,Jia Wu
1966,July 7 - August 7,Yi Wei
1966,August 8 - September 7,Bing Shen
1966,September 8 - October 7,Ding You
1966,October 8 - November 6,Wu Xu
1966,November 7 - December 6,Ji Hai
1966,December 7 - January 5,Geng Zi
1967,January 6 - February 3,Xin Chou
1967,February 4 - March 5,Ren Yin
1967,March 6 - April 4 ,Gui Mao
1967,April 5 - May 5,Jia Chen
1967,May 6 - June 5 ,Yi Si
1967,June 6 - July 7 ,Bing Wu
1967,July 8 - August 7 ,Ding Wei
1967,August 8 - September 7 ,Wu Shen
1967,September 8 - October 8 ,Ji You
1967,October 9 - November 7 ,Geng Xu
1967,November 8 - December 7 ,Xin Hai
1967,December 8 - January 5,RŽn Zi
1968,January 6 - February 4 ,Gui Chou
1968,February 5 - March 4 ,Jia Yin
1968,March 5 - April 4 ,Yi Mao
1968,April 5 - May 4 ,Bing Chen
1968,May 5 - June 4 ,Ding Si
1968,June 5 - July 6 ,Wu Wu
1968,July 7 - August 6 ,Ji Wei
1968,August 7 - September 6 ,Geng Shen
1968,September 7 - October 7 ,Xin You
1968,October 8 - November 6 ,Ren Xu
1968,November 7 - December 6 ,Gui Hai
1968,December 7 - January 4 ,Jia Zi
1969,January 5 - February 3,Yi Chou
1969,February 4 - March 5,Bing Yin
1969,March 6 - April 4,Ding Mao
1969,April 5 - May 5,Wu Chen
1969,May 6 - June 5,Ji Si
1969,June 6 - July 6,Geng Wu
1969,July 7 - August 7,Xin Wei
1969,August 8 - September 7,Ren Shen
1969,September 8 - October 7,Gui You
1969,October 8 - November 6 ,Jia Xu
1969,November 7 - December 6 ,Yi Hai
1969,December 7 - January 5 ,Bing Zi
1970,January 6 - February 3,Ding Chou
1970,February 4 - March 5,Wu Yin
1970,March 6 - April 4,Ji Mao
1970,April 5 - May 5,Geng Chen
1970,May 6 - June 5,Xin Si
1970,June 6 - July 6 ,Ren Wu
1970,July 7 - August 7,Gui Wei
1970,August 8 - September 7,Jia Shen
1970,September 8 - October 8,Yi You
1970,October 9 - November 7,Bing Xu
1970,November 8 - December 6 ,Ding Hai
1970,December 7 - January 5 ,Wu Zi
1971,January 6 - February 3,Ji Chou
1971,February 4 - March 5,Geng Yin
1971,March 6 - April 4,Xin Mao
1971,April 5 - May 5,Ren Chen
1971,May 6 - June 5,Gui Si
1971,June 6 - July 7,Jia Wu
1971,July 8 - August 7,Yi Wei
1971,August 8 - September 7,Bing Shen
1971,September 8 - October 8,Ding You
1971,October 9 - November 7,Wu Xu
1971,November 8 - December 7,Ji Hai
1971,December 8 - January 5,Geng Zi
1972,January 6 - February ,Xin Chou
1972,February 5 - March 4,Ren Yin
1972,March 5 - April 4 ,Gui Mao
1972,April 5 - May 4 ,Jia Chen
1972,May 5 - June 4 ,Yi Si
1972,June 5 - July 6 ,Bing Wu
1972,July 7 - August 6 ,Ding Wei
1972,August 7 - September 6 ,Wu Shen
1972,September 7 - October 7 ,Ji You
1972,October 8 - November 6 ,Geng Xu
1972,November 7 - December 6 ,Xin Hai
1972,December 7 - January 4 ,Ren Zi
1973,January 5 - February 3 ,Gui Chou
1973,February 4 - March 5,Jia Yin
1973,March 6 - April 4,Yi Mao
1973,April 5 - __ay 4 ,Bing Chen
1973,May 5 - June 5 ,Ding Si
1973,June 6 - July 6 ,Wu Wu
1973,July 7 - August 7 ,Ji Wei
1973,August 8 - September 7,Geng Shen
1973,September 8 - October 7 ,Xin You
1973,October 8 - November 6 ,Ren Xu
1973,November 7 - December 6 ,Gui Hai
1973,December 7 - January 5 ,Jia Zi
1974,January 6 - February 3,Yi Chou
1974,February 4 - March 5,Bing Yin
1974,March 6 - April 4,Ding Mao
1974,April 5 - May 5,Wu Chen
1974,May 6 - June 5,Ji Si
1974,June 6 - July 6 ,Geng Wu
1974,July 7 - August 7 ,Xin Wei
1974,August 8 - September 7,Ren Shen
1974,September 8 - October 8,Gui You
1974,October 9 - November 7,Jia Xu
1974,November 8 - December 6 ,Yi Hai
1974,December 7 - January 5 ,Bing Zi
1975,January 6 - February 3,Ding Chou
1975,February 4 - March 5,Wu Yin
1975,March 6 - April 4,Ji Mao
1975,April 5 - May 5,Geng Chen
1975,May 6 - June 5,Xin Si
1975,June 6 - July 5 ,Ren Wu
1975,July 6 - August 7 ,Gui Wei
1975,August 8 - September 7,Jia Shen
1975,September 8 - October 8,Yi You
1975,October 9 - November 7,Bing Xu
1975,November 8 - December 7,Ding Hai
1975,December 8 - January 5,Wu Zi
1976,January 6 - February 4 ,Ji Chou
1976,February 5 - March 4 ,Geng Yin
1976,March 5 - April 3 ,Xin Mao
1976,April 4 - May 4 ,Ren Chen
1976,May 5 - June 4 ,Gui Si
1976,June 5 - July 6 ,Jia Wu
1976,July 7 - August 6 ,Yi Wei
1976,August 7 - September 6 ,Bing Shen
1976,September 7 - October 7 ,Ding You
1976,October 8 - November 6 ,Wu Xu
1976,November 7 - December 6 ,Ji Hai
1976,December 7 - January 4 ,Geng Zi
1977,January 5 - February 3 ,Xin Chou
1977,February 4 - March 5,Ren Yin
1977,March 6 - April 4,Gui Mao
1977,April 5 - May 4 ,Jia Chen
1977,May 5 - June 5 ,Yi Si
1977,June 6 - July 6 ,Bing Wu
1977,July 7 - August 6 ,Ding Wei
1977,August 7 - September 7 ,Wu Shen
1977,September 8 - October 7 ,Ji You
1977,October 8 - November 6 ,Geng Xu
1977,November 7 - December 6 ,Xin Hai
1977,December 7 - January 5 ,Ren Zi
1978,January 6 - February 3,Gui Chou
1978,February 4 - March 5,Jia Yin
1978,March 6 - April 4,Yi Mao
1978,April 5 - May 5,Bing Chen
1978,May 6 - June 5,Ding Si
1978,June 6 - July 6 ,Wu Wu
1978,July 7 - August 7 ,Ji Wei
1978,August 8 - September 7,Geng Shen
1978,September 8 - October 7 ,Xin You
1978,October 8 - November 7 ,Ren Xu
1978,November 8 - December 6 ,Gui Hai
1978,December 7 - January 5 ,Jia Zi
1979,January 6 - February 3,Yi Chou
1979,February 4 - March 5,Bing Yin
1979,March 6 - April 4,Ding Mao
1979,April 5 - May 5,Wu Chen
1979,May 6 - June 5,Ji Si
1979,June 6 - July 7,Geng Wu
1979,July 8 - August 7,Xin Wei
1979,August 8 - September 7,Ren Shen
1979,September 8 - October 8,Gui You
1979,October 9 - November 7,Jia Xu
1979,November 8 - December 7,Yi Hai
1979,December 8 - January 5,Bing Zi
1980,January 6 - February 4 ,Ding Chou
1980,February 5 - March 4 ,Wu Yin
1980,March 5 - April 3 ,Ji Mao
1980,April 4 - May 4 ,Geng Chen
1980,May 5 - June 4 ,Xin Si
1980,June 5 - July 6 ,Ren Wu
1980,July 7 - August 6 ,Gui Wei
1980,August 7 - September 6 ,Jia Shen
1980,September 7 - October 7 ,Yi You
1980,October 8 - November 6 ,Bing Xu
1980,November 7 - December 6 ,Ding Hai
1980,December 7 - January 4 ,Wu Zi
1981,January 5 - February 3 ,Ji Chou
1981,February 4 - March 5,Geng Yin
1981,March 6 - April 4,Xin Mao
1981,April 5 - May 4 ,Ren Chen
1981,May 5 - June 5 ,Gui Si
1981,June 6 - July 6 ,Jia Wu
1981,July 7 - August 6 ,Yi Wei
1981,August 7 - September 7 ,Bing Shen
1981,September 8 - October 7 ,Ding You
1981,October 8 - November 6 ,Wu Xu
1981,November 7 - December 6 ,Ji Hai
1981,December 7 - January 5 ,Geng Zi
1982,January 6 - February 3,Xin Chou
1982,February 4 - March 5,Ren Yin
1982,March 6 - April 4,Gui Mao
1982,April 5 - May 5,Jia Chen
1982,May 6 - June 5,Yi Si
1982,June 6 - July 6 ,Bing Wu
1982,July 7 - August 7 ,Ding Wei
1982,August 8 - September 7,Wu Shen
1982,September 8 - October 7 ,Ji You
1982,October 8 - November 7 ,Geng Xu
1982,November 8 - December 6 ,Xin Hai
1982,December 7 - January 5 ,Ren Zi
1983,January 6 - February 3,Gui Chou
1983,February 4 - March 5,Jia Yin
1983,March 6 - April 4,Yi Mao
1983,April 5 - May 5,Bing Chen
1983,May 6 - June 5,Ding Si
1983,June 6 - July 7,Wu Wu
1983,July 8 - August 7,Ji Wei
1983,August 8 - September 7,Geng Shen
1983,September 8 - October 8,Xin You
1983,October 9 - November 7,Ren Xu
1983,November 8 - December 7,Gui Hai
1983,December 8 - January 5,Jia Zi
1984,January 6 - February 3,Yi Chou
1984,February 4 - March 4 ,Bing Yin
1984,March 5 - April 3 ,Ding Mao
1984,April 4 - May 4 ,Wu Chen
1984,May 5 - June 4 ,Ji Si
1984,June 5 - July 6 ,Geng Wu
1984,July 7 - August 6 ,Xin Wei
1984,August 7 - September 6 ,Ren Shen
1984,September 7 - October 7 ,Gui You
1984,October 8 - November 6 ,Jia Xu
1984,November 7 - December 6 ,Yi Hai
1984,December 7 - January 4 ,Bing Zi
1985,January 5 - February 3 ,Ding Chou
1985,February 4 - March 4 ,Wu Yin
1985,March 5 - April 4 ,Ji Mao
1985,April 5 - May 4 ,Geng Chen
1985,May 5 - June 5 ,Xin Si
1985,June 6 - July 6 ,Ren Wu
1985,July 7 - August 6 ,Gui Wei
1985,August 7 - September 7 ,Jia Shen
1985,September 8 - October 7 ,Yi You
1985,October 8 - November 6 ,Bing Xu
1985,November 7 - December 6 ,Ding Hai
1985,December 7 - January 4 ,Wu Zi
1986,January 5 - February 3 ,Ji Chou
1986,February 4 - March 5,Geng Yin
1986,March 6 - April 4,Xin Mao
1986,April 5 - May 5,Ren Chen
1986,May 6 - June 5,Gui Si
1986,June 6 - July 6 ,Jia Wu
1986,July 7 - August 7 ,Yi Wei
1986,August 8 - September 7 ,Bing Shen
1986,September 8 - October 7 ,Ding You
1986,October 8 - November 7 ,Wu Xu
1986,November 8 - December 6 ,Ji Hai
1986,December 7 - January 5 ,Geng Zi
1987,January 6 - February 3,Xin Chou
1987,February 4 - March 5,Ren Yin
1987,March 6 - April 4,Gui Mao
1987,April 5 - May 5,Jia Chen
1987,May 6 - June 5,Yi Si
1987,June 6 - July 6 ,Bing Wu
1987,July 7 - August 7 ,Ding Wei
1987,August 8 - September 7 ,Wu Shen
1987,September 8 - October 8,Ji You
1987,October 9 - November 7,Geng Xu
1987,November 8 - December 6 ,Xin Hai
1987,December 7 - January 5 ,Ren Zi
1988,January 6 - February 3,Gui Chou
1988,February 4 - March 4 ,Jia Yin
1988,March 5 - April 3 ,Yi Mao
1988,April 4 - May 4 ,Bing Chen
1988,May 5 - June 4 ,Ding Si
1988,June 5 - July 6 ,Wu Wu
1988,July 7 - August 6 ,Ji Wei
1988,August 7 - September 6 ,Geng Shen
1988,September 7 - October 7 ,Xin You
1988,October 8 - November 6 ,Ren Xu
1988,November 7 - December 6 ,Gui Hai
1988,December 7 - January 4 ,Jia Zi
1989,January 5 - February 3 ,Yi Chou
1989,February 4 - March 4 ,Bing Yin
1989,March 5 - April 4 ,Ding Mao
1989,April 5 - May 4 ,Wu Chen
1989,May 5 - June 5 ,Ji Si
1989,June 6 - July 6 ,Geng Wu
1989,July 7 - August 6 ,Xin Wei
1989,August 7 - September 6 ,Ren Shen
1989,September 7 - October 7 ,Gui You
1989,October 8 - November 6 ,Jia Xu
1989,November 7 - December 6 ,Yi Hai
1989,December 7 - January 4 ,Bing Zi
1990,January 5 - February 3 ,Ding Chou
1990,February 4 - March 5,Wu Yin
1990,March 6 - April 4,Ji Mao
1990,April 5 - May 5,Geng Chen
1990,May 6 - June 5,Xin Si
1990,June 6 - July 6 ,Ren Wu
1990,July 7 - August 7 ,Gui Wei
1990,August 8 - September 7,Jia Shen
1990,September 8 - October 7 ,Yi You
1990,October 8 - November 7 ,Bing Xu
1990,November 8 - December 6 ,Ding Hai
1990,December 7 - January 5 ,Wu Zi
1991,January 6 - February 3,Ji Chou
1991,February 4 - March 5,Geng Yin
1991,March 6 - April 4,Xin Mao
1991,April 5 - May 5,Ren Chen
1991,May 6 - June 5,Gui Si
1991,June 6 - July 6 ,Jia Wu
1991,July 7 - August 7 ,Yi Wei
1991,August 8 - September 7,Bing Shen
1991,September 8 - October 8,Ding You
1991,October 9 - November 7,Wu Xu
1991,November 8 - December 6 ,Ji Hai
1991,December 7 - January 5 ,Geng Zi
1992,January 6 - February 3,Xin Chou
1992,February 4 - March 4 ,Ren Yin
1992,March 5 - April 3 ,Gui Mao
1992,April 4 - May 4 ,Jia Chen
1992,May 5 - June 4 ,Yi Si
1992,June 5 - July 6 ,Bing Wu
1992,July 7 - August 6 ,Ding Wei
1992,August 7 - September 6 ,Wu Shen
1992,September 7 - October 7 ,Ji You
1992,October 8 - November 6 ,Geng Xu
1992,November 7 - December 6 ,Xin Hai
1992,December 7 - January 4 ,Ren Zi
1993,January 5 - February 3 ,Gui Chou
1993,February 4 - March 4 ,Jia Yin
1993,March 5 - April 4 ,Yi Mao
1993,April 5 - May 4 ,Bing Chen
1993,May 5 - June 5 ,Ding Si
1993,June 6 - July 6 ,Wu Wu
1993,July 7 - August 6 ,Ji Wei
1993,August 7 - September 6 ,Geng Shen
1993,September 7 - October 7 ,Xin You
1993,October 8 - November 6 ,Ren Xu
1993,November 7 - December 6 ,Gui Hai
1993,December 7 - January 4 ,Jia Zi
1994,January 5 - February 3 ,Yi Chou
1994,February 4 - March 5,Bing Yin
1994,March 6 - April 4,Ding Mao
1994,April 5 - May 5,Wu Chen
1994,May 6 - June 5,Ji Si
1994,June 6 - July 6 ,Geng Wu
1994,July 7 - August 7 ,Xin Wei
1994,August 8 - September 7,Ren Shen
1994,September 8 - October 7 ,Gui You
1994,October 8 - November 6 ,Jia Xu
1994,November 7 - December 6 ,Yi Hai
1994,December 7 - January 5 ,Bing Zi
1995,January 6 - February 3 ,Ding Chou
1995,February 4 - March 5,Wu Yin
1995,March 6 - April 4,Ji Mao
1995,April 5 - May 5,Geng Chen
1995,May 6 - June 5,Xin Si
1995,June 6 - July 6 ,Ren Wu
1995,July 7 - August 7 ,Gui Wei
1995,August 8 - September 7 ,Jia Shen
1995,September 8 - October 8,Yi You
1995,October 9 - November 7,Bing Xu
1995,November 8 - December 6 ,Ding Hai
1995,December 7 - January 5 ,Wu Zi
1996,January 6 - February 3,Ji Chou
1996,February 4 - March 4 ,Geng Yin
1996,March 5 - April 3 ,Xin Mao
1996,April 4 - May 4 ,Ren Chen
1996,May 5 - June 4 ,Gui Si
1996,June 5 - July 6 ,Jia Wu
1996,July 7 - August 6 ,Yi Wei
1996,August 7 - September 6 ,Bing Shen
1996,September 7 - October 7 ,Ding You
1996,October 8 - November 6 ,Wu Xu
1996,November 7 - December 6 ,Ji Hai
1996,December 7 - January 4 ,Geng Zi
1997,January 5 - February 3 ,Xin Chou
1997,February 4 - March 4 ,Ren Yin
1997,March 5 - April 4 ,Gui Mao
1997,April 5 - May 4 ,Jia Chen
1997,May 5 - June 4 ,Yi Si
1997,June 5 - July 6 ,Bing Wu
1997,July 7 - August 6 ,Ding Wei
1997,August 7 - September 6 ,Wu Shen
1997,September 7 - October 7 ,Ji You
1997,October 8 - November 6 ,Geng Xu
1997,November 7 - December 6 ,Xin Hai
1997,December 7 - January 4 ,Ren Zi
1998,January 5 - February 3 ,Gui Chou
1998,February 4 - March 5,Jia Yin
1998,March 6 - April 4,Yi Mao
1998,April 5 - May 5,Bing Chen
1998,May 6 - June 5,Ding Si
1998,June 6 - July 6 ,Wu Wu
1998,July 7 - August 7 ,Ji Wei
1998,August 8 - September 7,Geng Shen
1998,September 8 - October 7 ,Xin You
1998,October 8 - November 6 ,Ren Xu
1998,November 7 - December 6 ,Gui Hai
1998,December 7 - January 5 ,Jia Zi
1999,January 6 - February 3,Yi Chou
1999,February 4 - March 5,Bing Yin
1999,March 6 - April 4,Ding Mao
1999,April 5 - May 5,Wu Chen
1999,May 6 - June 5,Ji Si
1999,June 6 - July 6 ,Geng Wu
1999,July 7 - August 7 ,Xin Wei
1999,August 8 - September 7,Ren Shen
1999,September 8 - October 8,Gui You
1999,October 9 - November 7,Jia Xu
1999,November 8 - December 6 ,Yi Hai
1999,December 7 - January 5 ,Bing Zi
2000,January 6 - February 2 ,Ding Chou
2000,February 3 - March 4 ,Wu Yin
2000,March 5 - April 3 ,Ji Mao
2000,April 4 - May 4 ,Geng Chen
2000,May 5 - June 4 ,Xin Si
2000,June 5 - July 6 ,Ren Wu
2000,July 7 - August 6 ,Gui Wei
2000,August 7 - September 6 ,Jia Shen
2000,September 7 - October 7 ,Yi You
2000,October 8 - November 6 ,Bing Xu
2000,November 7 - December 6 ,Ding Hai
2000,December 7 - January 4 ,Wu Zi
2001,January 5 - February 3 ,Ji Chou
2001,February 4 - March 4 ,Geng Yin
2001,March 5 - April 4 ,Xin Mao
2001,April 5 - May 4 ,Ren Chen
2001,May 5 - June 4 ,Gui Si
2001,June 5 - July 6 ,Jia Wu
2001,July 7 - August 6 ,Yi Wei
2001,August 7 - September 6 ,Bing Shen
2001,September 7 - October 7 ,Ding You
2001,October 8 - November 6 ,Wu Xu
2001,November 7 - December 6 ,Ji Hai
2001,December 7 - January 4 ,Geng Zi
2002,January 5 - February 3 ,Xin Chou
2002,February 4 - March 5,Ren Yin
2002,March 6 - April 4,Gui Mao
2002,April 5 - May 5,Jia Chen
2002,May 6 - June 5,Yi Si
2002,June 6 - July 6 ,Bing Wu
2002,July 7 - August 7 ,Ding Wei
2002,August 8 - September 7,Wu Shen
2002,September 8 - October 7 ,Ji You
2002,October 8 - November 6 ,Geng Xu
2002,November 7 - December 6 ,Xin Hai
2002,December 7 - January 5 ,Ren Zi
2003,January 6 - February 3,Gui Chou
2003,February 4 - March 5,Jia Yin
2003,March 6 - April 4,Yi Mao
2003,April 5 - May 5,Bing Chen
2003,May 6 - June 5,Ding Si
2003,June 6 - July 6 ,Wu Wu
2003,July 7 - August 7 ,Ji Wei
2003,August 8 - September 7,Geng Shen
2003,September 8 - October 8,Xin You
2003,October 9 - November 7,Ren Xu
2003,November 8 - December 6 ,Gui Hai
2003,December 7 - January 5 ,Jia Zi
2004,January 6 - February 3,Yi Chou
2004,February 4 - March 4 ,Bing Yin
2004,March 5 - April 3 ,Ding Mao
2004,April 4 - May 4 ,Wu Chen
2004,May 5 - June 4 ,Ji Si
2004,June 5 - July 6 ,Geng Wu
2004,July 7 - August 6 ,Xin Wei
2004,August 7 - September 6 ,Ren Shen
2004,September 7 - October 7 ,Gui You
2004,October 8 - November 6 ,Jia Xu
2004,November 7 - December 6 ,Yi Hai
2004,December 7 - January 4 ,Bing Zi
2005,January 5 - February 3 ,Ding Chou
2005,February 4 - March 4 ,Wu Yin
2005,March 5 - April 4 ,Ji Mao
2005,April 5 - May 4 ,Geng Chen
2005,May 5 - June 4 ,Xin Si
2005,June 5 - July 6 ,Ren Wu
2005,July 7 - August 6 ,Gui Wei
2005,August 7 - September 6 ,Jia Shen
2005,September 7 - October 7 ,Yi You
2005,October 8 - November 6 ,Bing Xu
2005,November 7 - December 6 ,Ding Hai
2005,December 7 - January 4 ,Wu Zi
2006,January 5 - February 3 ,Ji Chou
2006,February 4 - March 5,Geng Yin
2006,March 6 - April 4,Xin Mao
2006,April 5 - May 4 ,Ren Chen
2006,May 5 - June 5 ,Gui Si
2006,June 6 - July 6 ,Jia Wu
2006,July 7 - August 6 ,Yi Wei
2006,August 7 - September 7 ,Bing Shen
2006,September 8 - October 7 ,Ding You
2006,October 8 - November 6 ,Wu Xu
2006,November 7 - December 6 ,Ji Hai
2006,December 7 - January 5 ,Geng Zi
2007,January 6 - February 3,Xin Chou
2007,February 4 - March 5,Ren Yin
2007,March 6 - April 4,Gui Mao
2007,April 5 - May 5,Jia Chen
2007,May 6 - June 5,Yi Si
2007,June 6 - July 6 ,Bing Wu
2007,July 7 - August 7 ,Ding Wei
2007,August 8 - September 7,Wu Shen
2007,September 8 - October 8,Ji You
2007,October 9 - November 7,Geng Xu
2007,November 8 - December 6 ,Xin Hai
2007,December 7 - January 5 ,Ren Zi
2008,January 6 - February 3 ,Gui Chou
2008,February 4 - March 4 ,Jia Yin
2008,March 5 - April 3 ,Yi Mao
2008,April 4 - __ay 4 ,Bing Chen
2008,May 5 - June 4 ,Ding Si
2008,June 5 - July 6 ,Wu Wu
2008,July 7 - August 6 ,Ji Wei
2008,August 7 - September 6 ,Geng Shen
2008,September 7 - October 7 ,Xin You
2008,October 8 - November 6 ,Ren Xu
2008,November 7 - December 6 ,Gui Hai
2008,December 7 - January ,Jia Zi
2009,January 5 - February 3 ,Yi Chou
2009,February 4 - March 4 ,Bing Yin
2009,March 5 - April 3 ,Ding Mao
2009,April 4 - May 4 ,Wu Chen
2009,May 5 - June 4 ,Ji Si
2009,June 5 - July 6 ,Geng Wu
2009,July 7 - August 6 ,Xin Wei
2009,August 7 - September 6 ,Ren Shen
2009,September 7 - October 7 ,Gui You
2009,October 8 - November 6 ,Jia Xu
2009,November 7 - December 6 ,Yi Hai
2009,December 7 - January 4 ,Bing Zi
2010,January 5 - February 3 ,Ding Chou
2010,February 4 - March 5,Wu Yin
2010,March 6 - April 4,Ji Mao
2010,April 5 - May 4 ,Geng Chen
2010,May 5 - June 5 ,Xin Si
2010,June 6 - July 6 ,Ren Wu
2010,July 7 - August 6 ,Gui Wei
2010,August 7 - September 7 ,Jia Shen
2010,September 8 - October 7 ,Yi You
2010,October 8 - November 6 ,Bing Xu
2010,November 7 - December 6 ,Ding Hai
2010,December 7 - January 5 ,Wu Zi
2011,January 6 - February 3,Ji Chou
2011,February 4 - March 5,Geng Yin
2011,March 6 - April 4,Xin Mao
2011,April 5 - May 5,Ren Chen
2011,May 6 - June 5,Gui Si
2011,June 6 - July 6 ,Jia Wu
2011,July 7 - August 7 ,Yi Wei
2011,August 8 - September 7,Bing Shen
2011,September 8 - October 7 ,Ding You
2011,October 8 - November 7 ,Wu Xu
2011,November 8 - December 6 ,Ji Hai
2011,December 7 - January 5 ,Geng Zi
2012,January 6 - February 3 ,Xin Chou
2012,February 4 - March 4 ,Ren Yin
2012,March 5 - April 3 ,Gui Mao
2012,April 4 - May 4 ,Jia Chen
2012,May 5 - June 4 ,Yi Si
2012,June 5 - July 6 ,Bing Wu
2012,July 7 - August 6 ,Ding Wei
2012,August 7 - September 6 ,Wu Shen
2012,September 7 - October 7 ,Ji You
2012,October 8 - November 6 ,Geng Xu
2012,November 7 - December 6 ,Xin Hai
2012,December 7 - January 4 ,Ren Zi
2013,January 6 - February 3,Gui Chou
2013,February 4 - March 5,Jia Yin
2013,March 6 - April 4,Yi Mao
2013,April 5 - May 5,Bing Chen
2013,May 6 - June 5,Ding Si
2013,June 6 - July 7,Wu Wu
2013,July 8 - August 7,Ji Wei
2013,August 8 - September 7,Geng Shen
2013,September 8 - October 8,Xin You
2013,October 9 - November 7,Ren Xu
2013,November 8 - December 7,Gui Hai
2013,December 8 - January 5,Jia Zi
2014,January 6 - February 3,Yi Chou
2014,February 4 - March 5,Bing Yin
2014,March 6 - April 4,Ding Mao
2014,April 5 - May 5,Wu Chen
2014,May 6 - June 5,Ji Si
2014,June 6 - July 7,Geng Wu
2014,July 8 - August 7,Xin Wei
2014,August 8 - September 7,Ren Shen
2014,September 8 - October 8,Gui You
2014,October 9 - November 7,Jia Xu
2014,November 8 - December 7,Yi Hai
2014,December 8 - January 5,Bing Zi
2015,January 6 - February 3,Ding Chou
2015,February 4 - March 5,Wu Yin
2015,March 6 - April 4,Ji Mao
2015,April 5 - May 5,Geng Chen
2015,May 6 - June 5,Xin Si
2015,June 6 - July 7,Ren Wu
2015,July 8 - August 7,Gui Wei
2015,August 8 - September 7,Jia Shen
2015,September 8 - October 8,Yi You
2015,October 9 - November 7,Bing Xu
2015,November 8 - December 7,Ding Hai
2015,December 8 - January 5,Wu Zi
2016,January 6 - February 3,Ji Chou
2016,February 4 - March 5,Geng Yin
2016,March 6 - April 4,Xin Mao
2016,April 5 - May 5,Ren Chen
2016,May 6 - June 5,Gui Si
2016,June 6 - July 7,Jia Wu
2016,July 8 - August 7,Yi Wei
2016,August 8 - September 7,Bing Shen
2016,September 8 - October 8,Ding You
2016,October 9 - November 7,Wu Xu
2016,November 8 - December 7,Ji Hai
2016,December 8 - January 5,Geng Zi
2017,January 6 - February 3,Xin Chou
2017,February 4 - March 5,Ren Yin
2017,March 6 - April 4,Gui Mao
2017,April 5 - May 5,Jia Chen
2017,May 6 - June 5,Yi Si
2017,June 6 - July 7,Bing Wu
2017,July 8 - August 7,Ding Wei
2017,August 8 - September 7,Wu Shen
2017,September 8 - October 8,Ji You
2017,October 9 - November 7,Geng Xu
2017,November 8 - December 7,Xin Hai
2017,December 8 - January 5,Ren Zi
2018,January 6 - February 3,Gui Chou
2018,February 4 - March 5,Jia Yin
2018,March 6 - April 4,Yi Mao
2018,April 5 - May 5,Bing Chen
2018,May 6 - June 5,Ding Si
2018,June 6 - July 7,Wu Wu
2018,July 8 - August 7,Ji Wei
2018,August 8 - September 7,Geng Shen
2018,September 8 - October 8,Xin You
2018,October 9 - November 7,Ren Xu
2018,November 8 - December 7,Gui Hai
2018,December 8 - January 5,Jia Zi
2019,January 6 - February 3,Yi Chou
2019,February 4 - March 5,Bing Yin
2019,March 6 - April 4,Ding Mao
2019,April 5 - May 5,Wu Chen
2019,May 6 - June 5,Ji Si
2019,June 6 - July 7,Geng Wu
2019,July 8 - August 7,Xin Wei
2019,August 8 - September 7,Ren Shen
2019,September 8 - October 8,Gui You
2019,October 9 - November 7,Jia Xu
2019,November 8 - December 7,Yi Hai
2019,December 8 - January 5,Bing Zi
2020,January 6 - February 3,Ding Chou
2020,February 4 - March 5,Wu Yin
2020,March 6 - April 4,Ji Mao
2020,April 5 - May 5,Geng Chen
2020,May 6 - June 5,Xin Si
2020,June 6 - July 7,Ren Wu
2020,July 8 - August 7,Gui Wei
2020,August 8 - September 7,Jia Shen
2020,September 8 - October 8,Yi You
2020,October 9 - November 7,Bing Xu
2020,November 8 - December 7,Ding Hai
2020,December 8 - January 5,Wu Zi
2021,January 6 - February 3,Ji Chou
2021,February 4 - March 5,Geng Yin
2021,March 6 - April 4,Xin Mao
2021,April 5 - May 5,Ren Chen
2021,May 6 - June 5,Gui Si
2021,June 6 - July 7,Jia Wu
2021,July 8 - August 7,Yi Wei
2021,August 8 - September 7,Bing Shen
2021,September 8 - October 8,Ding You
2021,October 9 - November 7,Wu Xu
2021,November 8 - December 7,Ji Hai
2021,December 8 - January 5,Geng Zi
2022,January 6 - February 3,Xin Chou
2022,February 4 - March 5,Ren Yin
2022,March 6 - April 4,Gui Mao
2022,April 5 - May 5,Jia Chen
2022,May 6 - June 5,Yi Si
2022,June 6 - July 7,Bing Wu
2022,July 8 - August 7,Ding Wei
2022,August 8 - September 7,Wu Shen
2022,September 8 - October 8,Ji You
2022,October 9 - November 7,Geng Xu
2022,November 8 - December 7,Xin Hai
2022,December 8 - January 5,Ren Zi
2023,January 6 - February 3,Gui Chou
2023,February 4 - March 5,Jia Yin
2023,March 6 - April 4,Yi Mao
2023,April 5 - May 5,Bing Chen
2023,May 6 - June 5,Ding Si
2023,June 6 - July 7,Wu Wu
2023,July 8 - August 7,Ji Wei
2023,August 8 - September 7,Geng Shen
2023,September 8 - October 8,Xin You
2023,October 9 - November 7,Ren Xu
2023,November 8 - December 7,Gui Hai
2023,December 8 - January 5,Jia Zi
2024,January 6 - February 3,Yi Chou
2024,February 4 - March 5,Bing Yin
2024,March 6 - April 4,Ding Mao
2024,April 5 - May 5,Wu Chen
2024,May 6 - June 5,Ji Si
2024,June 6 - July 7,Geng Wu
2024,July 8 - August 7,Xin Wei
2024,August 8 - September 7,Ren Shen
2024,September 8 - October 8,Gui You
2024,October 9 - November 7,Jia Xu
2024,November 8 - December 7,Yi Hai
2024,December 8 - January 5,Bing Zi
2025,January 6 - February 3,Ding Chou
2025,February 4 - March 5,Wu Yin
2025,March 6 - April 4,Ji Mao
2025,April 5 - May 5,Geng Chen
2025,May 6 - June 5,Xin Si
2025,June 6 - July 7,Ren Wu
2025,July 8 - August 7,Gui Wei
2025,August 8 - September 7,Jia Shen
2025,September 8 - October 8,Yi You
2025,October 9 - November 7,Bing Xu
2025,November 8 - December 7,Ding Hai
2025,December 8 - January 5,Wu Zi
2026,January 6 - February 3,Ji Chou
2026,February 4 - March 5,Geng Yin
2026,March 6 - April 4,Xin Mao
2026,April 5 - May 5,Ren Chen
2026,May 6 - June 5,Gui Si
2026,June 6 - July 7,Jia Wu
2026,July 8 - August 7,Yi Wei
2026,August 8 - September 7,Bing Shen
2026,September 8 - October 8,Ding You
2026,October 9 - November 7,Wu Xu
2026,November 8 - December 7,Ji Hai
2026,December 8 - January 5,Geng Zi
2027,January 6 - February 3,Xin Chou
2027,February 4 - March 5,Ren Yin
2027,March 6 - April 4,Gui Mao
2027,April 5 - May 5,Jia Chen
2027,May 6 - June 5,Yi Si
2027,June 6 - July 7,Bing Wu
2027,July 8 - August 7,Ding Wei
2027,August 8 - September 7,Wu Shen
2027,September 8 - October 8,Ji You
2027,October 9 - November 7,Geng Xu
2027,November 8 - December 7,Xin Hai
2027,December 8 - January 5,Ren Zi
2028,January 6 - February 3,Gui Chou
2028,February 4 - March 5,Jia Yin
2028,March 6 - April 4,Yi Mao
2028,April 5 - May 5,Bing Chen
2028,May 6 - June 5,Ding Si
2028,June 6 - July 7,Wu Wu
2028,July 8 - August 7,Ji Wei
2028,August 8 - September 7,Geng Shen
2028,September 8 - October 8,Xin You
2028,October 9 - November 7,Ren Xu
2028,November 8 - December 7,Gui Hai
2028,December 8 - January 5,Jia Zi
2029,January 6 - February 3,Yi Chou
2029,February 4 - March 5,Bing Yin
2029,March 6 - April 4,Ding Mao
2029,April 5 - May 5,Wu Chen
2029,May 6 - June 5,Ji Si
2029,June 6 - July 7,Geng Wu
2029,July 8 - August 7,Xin Wei
2029,August 8 - September 7,Ren Shen
2029,September 8 - October 8,Gui You
2029,October 9 - November 7,Jia Xu
2029,November 8 - December 7,Yi Hai
2029,December 8 - January 5,Bing Zi
2030,January 6 - February 3,Ding Chou
2030,February 4 - March 5,Wu Yin
2030,March 6 - April 4,Ji Mao
2030,April 5 - May 5,Geng Chen
2030,May 6 - June 5,Xin Si
2030,June 6 - July 7,Ren Wu
2030,July 8 - August 7,Gui Wei
2030,August 8 - September 7,Jia Shen
2030,September 8 - October 8,Yi You
2030,October 9 - November 7,Bing Xu
2030,November 8 - December 7,Ding Hai
2030,December 8 - January 5,Wu Zi
2031,January 6 - February 3,Ji Chou
2031,February 4 - March 5,Geng Yin
2031,March 6 - April 4,Xin Mao
2031,April 5 - May 5,Ren Chen
2031,May 6 - June 5,Gui Si
2031,June 6 - July 7,Jia Wu
2031,July 8 - August 7,Yi Wei
2031,August 8 - September 7,Bing Shen
2031,September 8 - October 8,Ding You
2031,October 9 - November 7,Wu Xu
2031,November 8 - December 7,Ji Hai
2031,December 8 - January 5,Geng Zi
2032,January 6 - February 3,Xin Chou
2032,February 4 - March 5,Ren Yin
2032,March 6 - April 4,Gui Mao
2032,April 5 - May 5,Jia Chen
2032,May 6 - June 5,Yi Si
2032,June 6 - July 7,Bing Wu
2032,July 8 - August 7,Ding Wei
2032,August 8 - September 7,Wu Shen
2032,September 8 - October 8,Ji You
2032,October 9 - November 7,Geng Xu
2032,November 8 - December 7,Xin Hai
2032,December 8 - January 5,Ren Zi
2033,January 6 - February 3,Gui Chou
2033,February 4 - March 5,Jia Yin
2033,March 6 - April 4,Yi Mao
2033,April 5 - May 5,Bing Chen
2033,May 6 - June 5,Ding Si
2033,June 6 - July 7,Wu Wu
2033,July 8 - August 7,Ji Wei
2033,August 8 - September 7,Geng Shen
2033,September 8 - October 8,Xin You
2033,October 9 - November 7,Ren Xu
2033,November 8 - December 7,Gui Hai
2033,December 8 - January 5,Jia Zi
2034,January 6 - February 3,Yi Chou
2034,February 4 - March 5,Bing Yin
2034,March 6 - April 4,Ding Mao
2034,April 5 - May 5,Wu Chen
2034,May 6 - June 5,Ji Si
2034,June 6 - July 7,Geng Wu
2034,July 8 - August 7,Xin Wei
2034,August 8 - September 7,Ren Shen
2034,September 8 - October 8,Gui You
2034,October 9 - November 7,Jia Xu
2034,November 8 - December 7,Yi Hai
2034,December 8 - January 5,Bing Zi
2035,January 6 - February 3,Ding Chou
2035,February 4 - March 5,Wu Yin
2035,March 6 - April 4,Ji Mao
2035,April 5 - May 5,Geng Chen
2035,May 6 - June 5,Xin Si
2035,June 6 - July 7,Ren Wu
2035,July 8 - August 7,Gui Wei
2035,August 8 - September 7,Jia Shen
2035,September 8 - October 8,Yi You
2035,October 9 - November 7,Bing Xu
2035,November 8 - December 7,Ding Hai
2035,December 8 - January 5,Wu Zi
2036,January 6 - February 3,Ji Chou
2036,February 4 - March 5,Geng Yin
2036,March 6 - April 4,Xin Mao
2036,April 5 - May 5,Ren Chen
2036,May 6 - June 5,Gui Si
2036,June 6 - July 7,Jia Wu
2036,July 8 - August 7,Yi Wei
2036,August 8 - September 7,Bing Shen
2036,September 8 - October 8,Ding You
2036,October 9 - November 7,Wu Xu
2036,November 8 - December 7,Ji Hai
2036,December 8 - January 5,Geng Zi
2037,January 6 - February 3,Xin Chou
2037,February 4 - March 5,Ren Yin
2037,March 6 - April 4,Gui Mao
2037,April 5 - May 5,Jia Chen
2037,May 6 - June 5,Yi Si
2037,June 6 - July 7,Bing Wu
2037,July 8 - August 7,Ding Wei
2037,August 8 - September 7,Wu Shen
2037,September 8 - October 8,Ji You
2037,October 9 - November 7,Geng Xu
2037,November 8 - December 7,Xin Hai
2037,December 8 - January 5,Ren Zi
2038,January 6 - February 3,Gui Chou
2038,February 4 - March 5,Jia Yin
2038,March 6 - April 4,Yi Mao
2038,April 5 - May 5,Bing Chen
2038,May 6 - June 5,Ding Si
2038,June 6 - July 7,Wu Wu
2038,July 8 - August 7,Ji Wei
2038,August 8 - September 7,Geng Shen
2038,September 8 - October 8,Xin You
2038,October 9 - November 7,Ren Xu
2038,November 8 - December 7,Gui Hai
2038,December 8 - January 5,Jia Zi
2039,January 6 - February 3,Yi Chou
2039,February 4 - March 5,Bing Yin
2039,March 6 - April 4,Ding Mao
2039,April 5 - May 5,Wu Chen
2039,May 6 - June 5,Ji Si
2039,June 6 - July 7,Geng Wu
2039,July 8 - August 7,Xin Wei
2039,August 8 - September 7,Ren Shen
2039,September 8 - October 8,Gui You
2039,October 9 - November 7,Jia Xu
2039,November 8 - December 7,Yi Hai
2039,December 8 - January 5,Bing Zi
2040,January 6 - February 3,Ding Chou
2040,February 4 - March 5,Wu Yin
2040,March 6 - April 4,Ji Mao
2040,April 5 - May 5,Geng Chen
2040,May 6 - June 5,Xin Si
2040,June 6 - July 7,Ren Wu
2040,July 8 - August 7,Gui Wei
2040,August 8 - September 7,Jia Shen
2040,September 8 - October 8,Yi You
2040,October 9 - November 7,Bing Xu
2040,November 8 - December 7,Ding Hai
2040,December 8 - January 5,Wu Zi
2041,January 6 - February 3,Ji Chou
2041,February 4 - March 5,Geng Yin
2041,March 6 - April 4,Xin Mao
2041,April 5 - May 5,Ren Chen
2041,May 6 - June 5,Gui Si
2041,June 6 - July 7,Jia Wu
2041,July 8 - August 7,Yi Wei
2041,August 8 - September 7,Bing Shen
2041,September 8 - October 8,Ding You
2041,October 9 - November 7,Wu Xu
2041,November 8 - December 7,Ji Hai
2041,December 8 - January 5,Geng Zi
2042,January 6 - February 3,Xin Chou
2042,February 4 - March 5,Ren Yin
2042,March 6 - April 4,Gui Mao
2042,April 5 - May 5,Jia Chen
2042,May 6 - June 5,Yi Si
2042,June 6 - July 7,Bing Wu
2042,July 8 - August 7,Ding Wei
2042,August 8 - September 7,Wu Shen
2042,September 8 - October 8,Ji You
2042,October 9 - November 7,Geng Xu
2042,November 8 - December 7,Xin Hai
2042,December 8 - January 5,Ren Zi
2043,January 6 - February 3,Gui Chou
2043,February 4 - March 5,Jia Yin
2043,March 6 - April 4,Yi Mao
2043,April 5 - May 5,Bing Chen
2043,May 6 - June 5,Ding Si
2043,June 6 - July 7,Wu Wu
2043,July 8 - August 7,Ji Wei
2043,August 8 - September 7,Geng Shen
2043,September 8 - October 8,Xin You
2043,October 9 - November 7,Ren Xu
2043,November 8 - December 7,Gui Hai
2043,December 8 - January 5,Jia Zi
2044,January 6 - February 3,Yi Chou
2044,February 4 - March 5,Bing Yin
2044,March 6 - April 4,Ding Mao
2044,April 5 - May 5,Wu Chen
2044,May 6 - June 5,Ji Si
2044,June 6 - July 7,Geng Wu
2044,July 8 - August 7,Xin Wei
2044,August 8 - September 7,Ren Shen
2044,September 8 - October 8,Gui You
2044,October 9 - November 7,Jia Xu
2044,November 8 - December 7,Yi Hai
2044,December 8 - January 5,Bing Zi
2045,January 6 - February 3,Ding Chou
2045,February 4 - March 5,Wu Yin
2045,March 6 - April 4,Ji Mao
2045,April 5 - May 5,Geng Chen
2045,May 6 - June 5,Xin Si
2045,June 6 - July 7,Ren Wu
2045,July 8 - August 7,Gui Wei
2045,August 8 - September 7,Jia Shen
2045,September 8 - October 8,Yi You
2045,October 9 - November 7,Bing Xu
2045,November 8 - December 7,Ding Hai
2045,December 8 - January 5,Wu Zi
2046,January 6 - February 3,Ji Chou
2046,February 4 - March 5,Geng Yin
2046,March 6 - April 4,Xin Mao
2046,April 5 - May 5,Ren Chen
2046,May 6 - June 5,Gui Si
2046,June 6 - July 7,Jia Wu
2046,July 8 - August 7,Yi Wei
2046,August 8 - September 7,Bing Shen
2046,September 8 - October 8,Ding You
2046,October 9 - November 7,Wu Xu
2046,November 8 - December 7,Ji Hai
2046,December 8 - January 5,Geng Zi
2047,January 6 - February 3,Xin Chou
2047,February 4 - March 5,Ren Yin
2047,March 6 - April 4,Gui Mao
2047,April 5 - May 5,Jia Chen
2047,May 6 - June 5,Yi Si
2047,June 6 - July 7,Bing Wu
2047,July 8 - August 7,Ding Wei
2047,August 8 - September 7,Wu Shen
2047,September 8 - October 8,Ji You
2047,October 9 - November 7,Geng Xu
2047,November 8 - December 7,Xin Hai
2047,December 8 - January 5,Ren Zi
2048,January 6 - February 3,Gui Chou
2048,February 4 - March 5,Jia Yin
2048,March 6 - April 4,Yi Mao
2048,April 5 - May 5,Bing Chen
2048,May 6 - June 5,Ding Si
2048,June 6 - July 7,Wu Wu
2048,July 8 - August 7,Ji Wei
2048,August 8 - September 7,Geng Shen
2048,September 8 - October 8,Xin You
2048,October 9 - November 7,Ren Xu
2048,November 8 - December 7,Gui Hai
2048,December 8 - January 5,Jia Zi
2049,January 6 - February 3,Yi Chou
2049,February 4 - March 5,Bing Yin
2049,March 6 - April 4,Ding Mao
2049,April 5 - May 5,Wu Chen
2049,May 6 - June 5,Ji Si
2049,June 6 - July 7,Geng Wu
2049,July 8 - August 7,Xin Wei
2049,August 8 - September 7,Ren Shen
2049,September 8 - October 8,Gui You
2049,October 9 - November 7,Jia Xu
2049,November 8 - December 7,Yi Hai
2049,December 8 - January 5,Bing Zi
2050,January 6 - February 3,Ding Chou
2050,February 4 - March 5,Wu Yin
2050,March 6 - April 4,Ji Mao
2050,April 5 - May 5,Geng Chen
2050,May 6 - June 5,Xin Si
2050,June 6 - July 7,Ren Wu
2050,July 8 - August 7,Gui Wei
2050,August 8 - September 7,Jia Shen
2050,September 8 - October 8,Yi You
2050,October 9 - November 7,Bing Xu
2050,November 8 - December 7,Ding Hai
2050,December 8 - January 5,Wu Zi